Event Name,Date,Time,Location,Attendees Limit,Organizer,Description,Theme,Registration Required,Registration Link
AI & Machine Learning Conference,15-01-2025,09:00,Convention Center,300,Tech Innovations Inc.,Latest advances in AI and ML,Artificial Intelligence,Yes,techpark.com/ai-ml-conf
Blockchain Summit 2025,22-02-2025,10:00,Tech Park Auditorium,200,TechSolutions Inc.,Blockchain technology and cryptocurrency,Blockchain,Yes,techpark.com/blockchain-2025
Cybersecurity Expo,10-03-2025,11:00,Security Hall,250,SecureTech Solutions,Comprehensive security solutions,Cybersecurity,Yes,techpark.com/cyber-expo
Green Tech Innovation,18-04-2025,13:00,Green Pavilion,180,CleanEnergy Technologies,Sustainable technology showcase,Sustainability,Yes,techpark.com/greentech-2025
Robotics & Automation Fair,25-05-2025,14:00,Innovation Lab,150,RoboWorks Robotics,Industrial robotics demonstrations,Robotics,No,N/A
Data Science Symposium,08-06-2025,09:00,Data Center,220,Data Tech Analytics,Advanced data analytics techniques,Data Science,Yes,techpark.com/data-symposium
Cloud Computing Workshop,15-07-2025,10:00,Cloud Lab,100,NetWorks Ltd.,Cloud infrastructure and services,Cloud Computing,Yes,techpark.com/cloud-workshop
IoT Solutions Expo,22-08-2025,11:00,Tech Hub,190,RoboWorks Robotics,Internet of Things applications,IoT,Yes,techpark.com/iot-expo
Startup Pitch Day,05-09-2025,14:00,Pitch Arena,120,Tech Park Management,Entrepreneurs showcase ideas,Entrepreneurship,Yes,techpark.com/pitch-day
5G Technology Forum,12-10-2025,13:00,Telecom Center,160,SecureTech Solutions,5G network innovations,Telecommunications,Yes,techpark.com/5g-forum
Virtual Reality Experience,20-11-2025,15:00,VR Lab,80,RoboWorks Robotics,Immersive VR demonstrations,Virtual Reality,No,N/A
Tech Career Summit,05-12-2025,10:00,Career Center,300,Tech Park HR,Technology career opportunities,Career Development,No,N/A
Python Developer Conference,12-01-2025,09:00,Code Lab,150,Data Tech Analytics,Python programming excellence,Programming,Yes,techpark.com/python-conf
Digital Transformation,18-02-2025,11:00,Transform Hall,200,Tech Innovations Inc.,Business digital transformation,Digital Strategy,Yes,techpark.com/digital-transform
Quantum Computing Expo,25-03-2025,13:00,Quantum Lab,130,TechSolutions Inc.,Quantum technology showcase,Quantum Computing,Yes,techpark.com/quantum-expo
Mobile App Development,10-04-2025,14:00,Mobile Lab,90,NetWorks Ltd.,Cross-platform app development,Mobile Development,Yes,techpark.com/mobile-dev
Smart City Conference,15-05-2025,09:00,City Hall,250,CleanEnergy Technologies,Urban technology solutions,Smart Cities,Yes,techpark.com/smart-city-conf
DevOps Automation,22-06-2025,10:00,DevOps Lab,110,Data Tech Analytics,CI/CD pipeline automation,DevOps,Yes,techpark.com/devops-auto
Augmented Reality Showcase,08-07-2025,15:00,AR Studio,100,RoboWorks Robotics,AR technology applications,Augmented Reality,Yes,techpark.com/ar-showcase
Fintech Innovation Summit,15-08-2025,11:00,Finance Wing,170,BioTech Solutions Ltd.,Financial technology trends,Fintech,Yes,techpark.com/fintech-summit
