VisitorName,ContactDetails,PurposeOfVisit,CheckInTime,CheckOutTime,HostEmployee
John Smith,john.smith@techmail.com,IT Consultation,09:00,11:00,Sarah Wilson
Emily Davis,emily.davis@bizmail.com,Job Interview - Software Developer,10:30,12:30,Michael Davis
Samantha Lee,samantha.lee@corpmail.com,Marketing Meeting,11:15,12:00,Jennifer White
Alex Patel,alex.patel@salesmail.com,Sales Presentation,14:00,15:30,David Brown
Rachel Miller,rachel.miller@visitmail.com,Facility Tour,15:00,16:00,Jessica Martinez
Robert Johnson,robert.j@techcorp.com,Partnership Discussion,09:30,11:30,Emily Smith
Maria Garcia,maria.g@startup.io,Investor Meeting,13:00,14:30,Anna Johnson
James Wilson,james.w@consulting.com,Technical Audit,10:00,12:00,John Doe
Linda Martinez,linda.m@vendor.com,Equipment Demo,14:30,16:00,Christopher Anderson
David Anderson,david.a@client.com,Project Review,09:00,10:30,Mohammed Khan
Jennifer Taylor,jennifer.t@agency.com,Design Consultation,11:00,12:30,Robert Taylor
Michael Brown,michael.b@partner.com,Contract Negotiation,15:00,17:00,Amanda Hernandez
Sarah Thompson,sarah.t@media.com,Press Interview,10:30,11:30,Jennifer White
Christopher Lee,chris.l@supplier.com,Supply Chain Meeting,13:30,15:00,Jessica Martinez
Patricia White,patricia.w@recruit.com,Recruitment Drive,09:30,11:00,Sophia Nguyen
Daniel Harris,daniel.h@legal.com,Legal Consultation,14:00,16:00,Amanda Hernandez
Nancy Clark,nancy.c@training.com,Training Session,10:00,13:00,Linda Martin
Mark Rodriguez,mark.r@tech.io,Technical Support,11:30,12:30,Mohammed Khan
Betty Lewis,betty.l@finance.com,Financial Audit,09:00,12:00,Amanda Hernandez
Steven Walker,steven.w@security.com,Security Assessment,14:00,16:30,Christopher Anderson
Karen Hall,karen.h@hr.com,HR Policy Review,10:30,12:00,Sophia Nguyen
Paul Allen,paul.a@vendor.com,Product Demonstration,13:00,14:30,David Brown
Sandra Young,sandra.y@client.com,Client Meeting,15:00,16:30,Emily Smith
Kenneth King,kenneth.k@startup.com,Pitch Presentation,09:30,11:00,Anna Johnson
Donna Wright,donna.w@consultant.com,Business Consultation,11:30,13:00,Michael Davis
Jason Lopez,jason.l@tech.com,System Integration,14:30,16:00,John Doe
Carol Hill,carol.h@marketing.com,Campaign Planning,10:00,11:30,Jennifer White
Brian Scott,brian.s@partner.io,Partnership Meeting,13:30,15:00,Emily Smith
Michelle Green,michelle.g@vendor.com,Vendor Meeting,09:00,10:30,Jessica Martinez
Kevin Adams,kevin.a@client.com,Project Kickoff,11:00,12:30,Robert Taylor
Ashley Baker,ashley.b@agency.com,Creative Review,14:00,15:30,Jennifer White
Timothy Nelson,timothy.n@supplier.com,Supply Agreement,10:30,12:00,Amanda Hernandez
Deborah Carter,deborah.c@training.com,Workshop Facilitation,09:30,13:30,Linda Martin
George Mitchell,george.m@tech.io,Technical Review,14:30,16:00,Mohammed Khan
Laura Perez,laura.p@finance.com,Budget Discussion,11:00,12:30,Amanda Hernandez
Edward Roberts,edward.r@security.com,Access Control Setup,09:00,11:00,Christopher Anderson
Cynthia Turner,cynthia.t@hr.com,Benefits Presentation,13:00,14:30,Sophia Nguyen
Ronald Phillips,ronald.p@vendor.com,Equipment Installation,10:00,12:30,David Brown
Shirley Campbell,shirley.c@client.com,Status Update Meeting,15:00,16:00,Emily Smith
Gary Parker,gary.p@startup.com,Innovation Discussion,09:30,11:30,Anna Johnson
Virginia Evans,virginia.e@consultant.com,Strategy Session,11:30,13:30,Michael Davis
Raymond Edwards,raymond.e@tech.com,Code Review,14:00,15:30,John Doe
Kathleen Collins,kathleen.c@marketing.com,Brand Strategy,10:30,12:00,Jennifer White
Larry Stewart,larry.s@partner.io,Alliance Meeting,13:30,15:30,Emily Smith
Sharon Sanchez,sharon.s@vendor.com,Contract Review,09:00,10:30,Amanda Hernandez
Dennis Morris,dennis.m@client.com,Requirements Gathering,11:00,13:00,Robert Taylor
Diane Rogers,diane.r@agency.com,Content Planning,14:30,16:00,Jennifer White
Frank Reed,frank.r@supplier.com,Procurement Meeting,10:00,11:30,Jessica Martinez
Joyce Cook,joyce.c@training.com,Leadership Training,09:30,12:30,Linda Martin
Gerald Morgan,gerald.m@tech.io,Architecture Review,13:00,15:00,Mohammed Khan
Teresa Bell,teresa.b@finance.com,Investment Discussion,11:30,13:00,Amanda Hernandez
